groups/name,groups/characters/0,groups/characters/1,groups/characters/2,groups/characters/3,groups/characters/4,groups/characters/5,groups/characters/6,groups/characters/7,groups/characters/8,groups/characters/9,groups/characters/10,groups/characters/11,groups/characters/12,groups/characters/13,groups/characters/14,groups/characters/15,groups/characters/16,groups/characters/17,groups/characters/18,groups/characters/19,groups/characters/20,groups/characters/21,groups/characters/22,groups/characters/23,groups/characters/24,groups/characters/25,groups/characters/26,groups/characters/27,groups/characters/28,groups/characters/29,groups/characters/30,groups/characters/31,groups/characters/32,groups/characters/33,groups/characters/34,groups/characters/35,groups/characters/36,groups/characters/37,groups/characters/38,groups/characters/39,groups/characters/40,groups/characters/41,groups/characters/42,groups/characters/43,groups/characters/44,groups/characters/45,groups/characters/46,groups/characters/47,groups/characters/48,groups/characters/49,groups/characters/50,groups/characters/51,groups/characters/52,groups/characters/53,groups/characters/54,groups/characters/55,groups/characters/56,groups/characters/57,groups/characters/58,groups/characters/59,groups/characters/60,groups/characters/61,groups/characters/62,groups/characters/63,groups/characters/64
Stark,Arya Stark,Benjen Stark,Bran Stark,Catelyn Stark,Eddard Stark,Ghost,Grey Wind,Jon Snow,Lady,Nymeria,Rickon Stark,Robb Stark,Sansa Stark,Shaggydog,Summer,,,,,,,,,,,,,,,,,,,,,,,,,,,,,,,,,,,,,,,,,,,,,,,,,,
Targaryen,Daenerys Targaryen,Drogon,Rhaegal,Viserion,Viserys Targaryen,,,,,,,,,,,,,,,,,,,,,,,,,,,,,,,,,,,,,,,,,,,,,,,,,,,,,,,,,,,,
Baratheon,Joffrey Baratheon,Myrcella Baratheon,Renly Baratheon,Robert Baratheon,Selyse Baratheon,Shireen Baratheon,Stannis Baratheon,Tommen Baratheon,Gendry,,,,,,,,,,,,,,,,,,,,,,,,,,,,,,,,,,,,,,,,,,,,,,,,,,,,,,,,
Lannister,Cersei Lannister,Jaime Lannister,Kevan Lannister,Lancel Lannister,Tyrion Lannister,Tywin Lannister,,,,,,,,,,,,,,,,,,,,,,,,,,,,,,,,,,,,,,,,,,,,,,,,,,,,,,,,,,,
Night's Watch,Alliser Thorne,Eddison Tollett,Grenn,Jeor Mormont,Karl Tanner,Maester Aemon,Olly,Othell Yarwyck,Pypar,Qhorin Halfhand,Rast,Samwell Tarly,Yoren,,,,,,,,,,,,,,,,,,,,,,,,,,,,,,,,,,,,,,,,,,,,,,,,,,,,
Dothraki,Doreah,Irri,Khal Drogo,Rakharo,Qhono,,,,,,,,,,,,,,,,,,,,,,,,,,,,,,,,,,,,,,,,,,,,,,,,,,,,,,,,,,,,
Greyjoy,Balon Greyjoy,Euron Greyjoy,Theon Greyjoy,Yara Greyjoy,,,,,,,,,,,,,,,,,,,,,,,,,,,,,,,,,,,,,,,,,,,,,,,,,,,,,,,,,,,,,
Tyrell,Loras Tyrell,Mace Tyrell,Margaery Tyrell,Olenna Tyrell,,,,,,,,,,,,,,,,,,,,,,,,,,,,,,,,,,,,,,,,,,,,,,,,,,,,,,,,,,,,,
Wildlings,Baby Sam,Craster,Gilly,Mag the Mighty,Mance Rayder,Osha,Rattleshirt,Thenn Warg,Tormund Giantsbane,Wun Wun,Ygritte,,,,,,,,,,,,,,,,,,,,,,,,,,,,,,,,,,,,,,,,,,,,,,,,,,,,,,
Martell,Doran Martell,Ellaria Sand,Nymeria Sand,Obara Sand,Oberyn Martell,Trystane Martell,Tyene Sand,,,,,,,,,,,,,,,,,,,,,,,,,,,,,,,,,,,,,,,,,,,,,,,,,,,,,,,,,,
Frey,Black Walder Rivers,Lothar Frey,Walder Frey,,,,,,,,,,,,,,,,,,,,,,,,,,,,,,,,,,,,,,,,,,,,,,,,,,,,,,,,,,,,,,
Tully,Brynden Tully,Edmure Tully,,,,,,,,,,,,,,,,,,,,,,,,,,,,,,,,,,,,,,,,,,,,,,,,,,,,,,,,,,,,,,,
White Walkers,Mag the Mighty Wight,The Night King,White Walker,Wight Wildling Girl,Wun Wun Wight,,,,,,,,,,,,,,,,,,,,,,,,,,,,,,,,,,,,,,,,,,,,,,,,,,,,,,,,,,,,
Include,Archmaester Ebrose,Barristan Selmy,Beric Dondarrion,Brienne of Tarth,Bronn,Daario Naharis,Davos Seaworth,Gendry,Grand Maester Pycelle,Greatjon Umber,Gregor Clegane,Greizhen mo Ullhor,Grey Worm,Hallyne,High Sparrow,Hizdahr zo Loraq,Hodor,Hot Pie,Janos Slynt,Jaqen H'ghar,Jojen Reed,Jorah Mormont,Jory Cassel,Kraznys mo Nakloz,Lady Crane,Leaf,Locke,Lommy Greenhands,Lord Varys,Lyanna Mormont,Lysa Arryn,Maester Luwin,Matthos Seaworth,Meera Reed,Melisandre,Mirri Maz Duur,Missandei,Olyvar,Petyr Baelish,Podrick Payne,Prendahl na Ghezn,Pyat Pree,Qyburn,Ramsay Snow,Razdal mo Eraz,Rickard Karstark,Robin Arryn,Rodrik Cassel,Roose Bolton,Ros,Salladhor Saan,Sandor Clegane,Septa Mordane,Septa Unella,Shae,Silk King,Smalljon Umber,Syrio Forel,Talisa Maegyr,The Waif,Thoros of Myr,Three-Eyed Raven,Xaro Xhoan Daxos,Yezzan zo Qaggaz,Yohn Royce
